{
  "test": "cpr_cmd_task_accuracy_gpt2",
  "model": "gpt2-small",
  "task": "ioi",
  "n_edges": 32491,
  "percentages": [
    0.001,
    0.002,
    0.005,
    0.01,
    0.02,
    0.05,
    0.1,
    0.2,
    0.5,
    1
  ],
  "results": {
    "EAP+raw": {
      "cpr": 1.2024106088208648,
      "cmd": 0.03307784631646719,
      "cpr_details": {
        "weighted_edge_counts": [
          0,
          42,
          115,
          274,
          597,
          1492,
          3068,
          6140,
          15393,
          32491
        ],
        "area_under": 1.2024106088208648,
        "area_from_1": 0.21258675605872474,
        "avg_faithfulness": 0.8737597955759971,
        "faithfulness": [
          0.0,
          0.23416738694327993,
          0.6548376150659216,
          0.8578180388908125,
          0.9945302927619317,
          1.1654937703257124,
          1.2127124748393399,
          1.3089492737968675,
          1.3090891031361056,
          1.0
        ],
        "percentages": [
          0.001,
          0.002,
          0.005,
          0.01,
          0.02,
          0.05,
          0.1,
          0.2,
          0.5,
          1
        ]
      },
      "cmd_details": {
        "weighted_edge_counts": [
          0,
          32,
          144,
          305,
          627,
          1606,
          3240,
          6498,
          16245,
          32491
        ],
        "area_under": 0.9659221536835327,
        "area_from_1": 0.03307784631646719,
        "avg_faithfulness": 0.6457395427026158,
        "faithfulness": [
          0.0,
          -1.6193968446576505e-05,
          0.3564985516371561,
          0.5672648765941847,
          0.7941110346377153,
          0.8800868077847618,
          0.8963512318268345,
          0.9665498875313678,
          0.9965492309825844,
          1.0
        ],
        "percentages": [
          0.001,
          0.002,
          0.005,
          0.01,
          0.02,
          0.05,
          0.1,
          0.2,
          0.5,
          1
        ]
      }
    },
    "EAP+flow": {
      "cpr": 0.8402685455718557,
      "cmd": 0.18185408834229005,
      "cpr_details": {
        "weighted_edge_counts": [
          15,
          42,
          149,
          314,
          628,
          1622,
          3249,
          6498,
          16245,
          32491
        ],
        "area_under": 0.8402685455718557,
        "area_from_1": 0.18185408834229005,
        "avg_faithfulness": 0.38873333931394505,
        "faithfulness": [
          0.004813259878303848,
          0.020160746942906694,
          0.08370800902291409,
          0.17574974186002906,
          0.2248684316131417,
          0.32189008866248436,
          0.36647513072995175,
          0.6607646920370369,
          1.0289032923926822,
          1.0
        ],
        "percentages": [
          0.001,
          0.002,
          0.005,
          0.01,
          0.02,
          0.05,
          0.1,
          0.2,
          0.5,
          1
        ]
      },
      "cmd_details": {
        "weighted_edge_counts": [
          15,
          42,
          149,
          314,
          628,
          1622,
          3249,
          6498,
          16245,
          32491
        ],
        "area_under": 0.8402685455718557,
        "area_from_1": 0.18185408834229005,
        "avg_faithfulness": 0.38873333931394505,
        "faithfulness": [
          0.004813259878303848,
          0.020160746942906694,
          0.08370800902291409,
          0.17574974186002906,
          0.2248684316131417,
          0.32189008866248436,
          0.36647513072995175,
          0.6607646920370369,
          1.0289032923926822,
          1.0
        ],
        "percentages": [
          0.001,
          0.002,
          0.005,
          0.01,
          0.02,
          0.05,
          0.1,
          0.2,
          0.5,
          1
        ]
      }
    },
    "EAP+sigma": {
      "cpr": 0.8696805234507596,
      "cmd": 0.12931947654924042,
      "cpr_details": {
        "weighted_edge_counts": [
          18,
          41,
          155,
          320,
          635,
          1621,
          3249,
          6498,
          16245,
          32491
        ],
        "area_under": 0.8696805234507596,
        "area_from_1": 0.12931947654924042,
        "avg_faithfulness": 0.4157153534271069,
        "faithfulness": [
          0.003108058666386467,
          0.01787489560975768,
          0.058573617679134535,
          0.2086224159548251,
          0.24250072196700664,
          0.31960542060469155,
          0.48697146639663647,
          0.8213580458024929,
          0.9985388915901375,
          1.0
        ],
        "percentages": [
          0.001,
          0.002,
          0.005,
          0.01,
          0.02,
          0.05,
          0.1,
          0.2,
          0.5,
          1
        ]
      },
      "cmd_details": {
        "weighted_edge_counts": [
          18,
          41,
          155,
          320,
          635,
          1621,
          3249,
          6498,
          16245,
          32491
        ],
        "area_under": 0.8696805234507596,
        "area_from_1": 0.12931947654924042,
        "avg_faithfulness": 0.4157153534271069,
        "faithfulness": [
          0.003108058666386467,
          0.01787489560975768,
          0.058573617679134535,
          0.2086224159548251,
          0.24250072196700664,
          0.31960542060469155,
          0.48697146639663647,
          0.8213580458024929,
          0.9985388915901375,
          1.0
        ],
        "percentages": [
          0.001,
          0.002,
          0.005,
          0.01,
          0.02,
          0.05,
          0.1,
          0.2,
          0.5,
          1
        ]
      }
    },
    "EAP-IG-inputs+raw": {
      "cpr": 1.8336653143604256,
      "cmd": 0.031830839276249315,
      "cpr_details": {
        "weighted_edge_counts": [
          27,
          53,
          138,
          302,
          616,
          1600,
          3227,
          6417,
          16245,
          32491
        ],
        "area_under": 1.8336653143604256,
        "area_from_1": 0.836961288698767,
        "avg_faithfulness": 1.5828221195003982,
        "faithfulness": [
          0.258635678781175,
          0.6113474957194169,
          1.6004123072266954,
          1.897291225769817,
          2.0180747001056227,
          2.050052209489503,
          2.12168256075933,
          2.1404890659609745,
          2.130235951191447,
          1.0
        ],
        "percentages": [
          0.001,
          0.002,
          0.005,
          0.01,
          0.02,
          0.05,
          0.1,
          0.2,
          0.5,
          1
        ]
      },
      "cmd_details": {
        "weighted_edge_counts": [
          22,
          52,
          150,
          303,
          627,
          1599,
          3249,
          6498,
          16245,
          32491
        ],
        "area_under": 0.967264991152143,
        "area_from_1": 0.031830839276249315,
        "avg_faithfulness": 0.724402232955544,
        "faithfulness": [
          0.013982257766461609,
          0.20923722892598423,
          0.552295175542956,
          0.7063330655074084,
          1.0023957607098084,
          0.895647859147229,
          0.928714860863384,
          0.9518052285489589,
          0.9836108925432488,
          1.0
        ],
        "percentages": [
          0.001,
          0.002,
          0.005,
          0.01,
          0.02,
          0.05,
          0.1,
          0.2,
          0.5,
          1
        ]
      }
    },
    "EAP-IG-inputs+flow": {
      "cpr": 0.9878530184120351,
      "cmd": 0.04259033342975339,
      "cpr_details": {
        "weighted_edge_counts": [
          25,
          55,
          153,
          314,
          642,
          1622,
          3248,
          6498,
          16245,
          32491
        ],
        "area_under": 0.9878530184120351,