{
  "EAP": {
    "bridge": {
      "raw": {
        "mean": 402.0833333333333,
        "std": 46.258707888953786
      },
      "flow": {
        "mean": 33.25,
        "std": 3.0379543555930306
      },
      "sigma": {
        "mean": 22.5,
        "std": 4.591659104651971
      }
    },
    "branch": {
      "raw": {
        "mean": 250.9,
        "std": 31.31086073553392
      },
      "flow": {
        "mean": 505.3666666666666,
        "std": 104.81300279810495
      },
      "sigma": {
        "mean": 483.8,
        "std": 100.0475886765893
      }
    }
  },
  "EAP-IG-inputs": {
    "bridge": {
      "raw": {
        "mean": 364.5,
        "std": 65.09672290778802
      },
      "flow": {
        "mean": 44.083333333333336,
        "std": 5.563397243491506
      },
      "sigma": {
        "mean": 36.083333333333336,
        "std": 5.7257944621006285
      }
    },
    "branch": {
      "raw": {
        "mean": 274.50000000000006,
        "std": 28.939880211684827
      },
      "flow": {
        "mean": 381.6333333333334,
        "std": 87.36150309044724
      },
      "sigma": {
        "mean": 492.1666666666667,
        "std": 90.09486975158772
      }
    }
  }
}