{
  "auroc_bootstrap": {
    "EAP": {
      "raw": {
        "mean": 0.7191406081051858,
        "std": 0.015919619497654424,
        "vals": [
          0.734202672894771,
          0.6968340469702868,
          0.7334890359413522,
          0.6986505773971714,
          0.7321915142078631,
          0.7194758012196705
        ]
      },
      "flow": {
        "mean": 0.646987587042083,
        "std": 0.06690631603037482,
        "vals": [
          0.7351758141948879,
          0.5949785908913974,
          0.7380303620085638,
          0.6416244972103283,
          0.6038666147657973,
          0.5682496431815232
        ]
      },
      "sigma": {
        "mean": 0.6767657108256563,
        "std": 0.066386019366834,
        "vals": [
          0.7301803555209551,
          0.5994550408719346,
          0.7957052030621512,
          0.6435059037238875,
          0.6608926949526406,
          0.6308550668223694
        ]
      }
    },
    "EAP-IG-inputs": {
      "raw": {
        "mean": 0.7270014272739069,
        "std": 0.03569918306851986,
        "vals": [
          0.6957960295834956,
          0.7404956533021929,
          0.7810432074737252,
          0.7013753730374984,
          0.6838588296353965,
          0.7594394706111327
        ]
      },
      "flow": {
        "mean": 0.7411336014878249,
        "std": 0.06893824689634784,
        "vals": [
          0.7253795251070456,
          0.6850265991955367,
          0.8243804333722591,
          0.6850265991955365,
          0.8472816919683405,
          0.6797067600882316
        ]
      },
      "sigma": {
        "mean": 0.7341594221703213,
        "std": 0.06645593443267472,
        "vals": [
          0.7242766316335798,
          0.742117555469054,
          0.8352796159335669,
          0.6300765537822759,
          0.787920072661217,
          0.6852861035422344
        ]
      }
    },
    "information-flow-routes": {
      "raw": {
        "mean": 0.588112538385018,
        "std": 0.12617840375938336,
        "vals": [
          0.5,
          0.5,
          0.798689503049176,
          0.5,
          0.7299857272609317,
          0.5
        ]
      },
      "flow": {
        "mean": 0.6058237100471432,
        "std": 0.025296167516042283,
        "vals": [
          0.6071752951861943,
          0.5501492149993512,
          0.6196315038276891,
          0.6192422473076423,
          0.6195666277410146,
          0.6191773712209678
        ]
      },
      "sigma": {
        "mean": 0.6469118982742961,
        "std": 0.043611398108137064,
        "vals": [
          0.7324510185545607,
          0.6756844427144155,
          0.6180744777475022,
          0.6183339820942,
          0.6185934864408978,
          0.6183339820942
        ]
      }
    }
  },
  "localization": {
    "n_edges": 1108,
    "gt_edges": [
      "input->m0",
      "m0->a1.h1<v>",
      "m0->a2.h1<v>",
      "a1.h1->a2.h1<v>",
      "m0->a4.h1<v>",
      "a2.h1->a4.h1<v>",
      "a4.h1->logits"
    ],
    "by_scoring": {
      "raw": {
        "input->m0": {
          "score": 3.2389969419455156e-05,
          "rank": 836,
          "pctile": 0.24638989169675085
        },
        "m0->a1.h1<v>": {
          "score": 0.005972189828753471,
          "rank": 66,
          "pctile": 0.9413357400722022
        },
        "m0->a2.h1<v>": {
          "score": 0.002221411792561412,
          "rank": 125,
          "pctile": 0.8880866425992779
        },
        "a1.h1->a2.h1<v>": {
          "score": 1.1377476766938344e-05,
          "rank": 950,
          "pctile": 0.14350180505415167
        },
        "m0->a4.h1<v>": {
          "score": 0.011962617747485638,
          "rank": 33,
          "pctile": 0.9711191335740073
        },
        "a2.h1->a4.h1<v>": {
          "score": 0.0009825339075177908,
          "rank": 235,
          "pctile": 0.7888086642599278
        },
        "a4.h1->logits": {
          "score": 0.008218523114919662,
          "rank": 51,
          "pctile": 0.9548736462093863
        }
      },
      "flow": {
        "input->m0": {
          "score": 0.008374790353996419,
          "rank": 36,
          "pctile": 0.9684115523465704
        },
        "m0->a1.h1<v>": {
          "score": 4.2197148553135833e-16,
          "rank": 459,
          "pctile": 0.5866425992779783
        },
        "m0->a2.h1<v>": {
          "score": 0.0,
          "rank": 746,
          "pctile": 0.3276173285198556
        },
        "a1.h1->a2.h1<v>": {
          "score": 0.0003792876196029194,
          "rank": 263,
          "pctile": 0.7635379061371841
        },
        "m0->a4.h1<v>": {
          "score": 0.003679030629180173,
          "rank": 78,
          "pctile": 0.9305054151624549
        },
        "a2.h1->a4.h1<v>": {
          "score": 0.0004513022266713161,
          "rank": 246,
          "pctile": 0.7788808664259927
        },
        "a4.h1->logits": {
          "score": 0.008159709848648162,
          "rank": 38,
          "pctile": 0.9666064981949458
        }
      },
      "sigma": {
        "input->m0": {
          "score": 0.008374790353996419,
          "rank": 29,
          "pctile": 0.9747292418772563
        },
        "m0->a1.h1<v>": {
          "score": 0.0,
          "rank": 1047,
          "pctile": 0.05595667870036103
        },
        "m0->a2.h1<v>": {
          "score": 0.0,
          "rank": 737,
          "pctile": 0.33574007220216606
        },
        "a1.h1->a2.h1<v>": {
          "score": 0.0003792876196029194,
          "rank": 256,
          "pctile": 0.7698555956678701
        },
        "m0->a4.h1<v>": {
          "score": 0.003679030629180173,
          "rank": 68,
          "pctile": 0.9395306859205776
        },
        "a2.h1->a4.h1<v>": {
          "score": 0.0004513022266713161,
          "rank": 239,
          "pctile": 0.7851985559566788
        },
        "a4.h1->logits": {
          "score": 0.008159709848648162,
          "rank": 30,
          "pctile": 0.973826714801444
        }
      }
    }
  }
}